asset_uid,date,open,high,low,close,volume
xnas:stock:AAPL,2024-01-02,80.3,80.77,79.94,80.29,38612890.0
xnas:stock:AAPL,2024-01-03,78.79,79.35,78.53,78.84,100143883.0
xnas:stock:AAPL,2024-01-04,77.3,78.06,77.02,77.3,107552086.0
xnas:stock:AAPL,2024-01-05,76.84,77.46,76.83,77.39,19427141.0
xnas:stock:AAPL,2024-01-08,76.64,77.47,76.02,76.08,24196553.0
xnas:stock:AAPL,2024-01-09,76.73,77.25,76.56,77.05,72432173.0
xnas:stock:AAPL,2024-01-10,76.71,76.95,76.27,76.68,89101148.0
xnas:stock:AAPL,2024-01-11,76.22,76.28,76.08,76.23,63270042.0
xnas:stock:AAPL,2024-01-12,76.45,76.65,75.37,75.96,103277294.0
xnas:stock:AAPL,2024-01-15,76.25,77.05,75.75,76.03,27489560.0
xnas:stock:AAPL,2024-01-16,75.64,76.03,75.21,75.95,36126999.0
xnas:stock:AAPL,2024-01-17,76.07,76.79,75.18,75.95,24596362.0
xnas:stock:AAPL,2024-01-18,75.51,76.18,75.27,75.58,70870118.0
xnas:stock:AAPL,2024-01-19,75.16,75.56,74.74,75.08,97923403.0
xnas:stock:AAPL,2024-01-22,75.2,75.57,74.97,75.47,45538061.0
xnas:stock:AAPL,2024-01-23,75.89,76.28,74.77,75.65,10959556.0
xnas:stock:AAPL,2024-01-24,75.77,76.51,75.34,76.04,90718625.0
xnas:stock:AAPL,2024-01-25,76.7,77.24,75.71,76.14,99423263.0
xnas:stock:AAPL,2024-01-26,76.71,76.88,76.32,76.45,60681028.0
xnas:stock:AAPL,2024-01-29,77.22,77.38,77.15,77.25,18746522.0
xnas:stock:AAPL,2024-01-30,77.59,78.5,77.23,77.53,43591729.0
xnas:stock:AAPL,2024-01-31,77.65,78.11,77.13,77.41,46638772.0
xnas:stock:AAPL,2024-02-01,77.48,77.95,77.09,77.42,25112041.0
xnas:stock:AAPL,2024-02-02,77.2,77.77,77.06,77.57,30254428.0
xnas:stock:AAPL,2024-02-05,78.1,78.65,77.68,77.76,116230280.0
xnas:stock:AAPL,2024-02-06,78.49,79.25,78.04,79.0,35341907.0
xnas:stock:AAPL,2024-02-07,78.54,79.43,78.29,78.74,18071514.0
xnas:stock:AAPL,2024-02-08,78.88,79.49,78.32,78.8,85877438.0
xnas:stock:AAPL,2024-02-09,80.43,81.13,80.2,80.59,52045988.0
xnas:stock:AAPL,2024-02-12,80.74,81.08,79.74,80.44,63603335.0
xnas:stock:AAPL,2024-02-13,80.9,81.31,80.35,80.39,99890459.0
xnas:stock:AAPL,2024-02-14,81.12,81.5,80.86,81.18,57685024.0
xnas:stock:AAPL,2024-02-15,82.11,82.35,81.59,81.73,20132677.0
xnas:stock:AAPL,2024-02-16,81.62,82.19,81.52,81.71,35022497.0
xnas:stock:AAPL,2024-02-19,82.28,82.75,82.06,82.61,13448764.0
xnas:stock:AAPL,2024-02-20,82.79,83.65,82.22,83.21,61216691.0
xnas:stock:AAPL,2024-02-21,82.22,82.95,81.96,81.98,11909729.0
xnas:stock:AAPL,2024-02-22,81.9,82.24,80.86,80.92,43521690.0
xnas:stock:AAPL,2024-02-23,80.7,81.37,80.21,80.77,76190556.0
xnas:stock:AAPL,2024-02-26,80.87,81.53,80.44,80.74,32333501.0
xnas:stock:AAPL,2024-02-27,81.53,81.61,81.02,81.29,83300382.0
xnas:stock:AAPL,2024-02-28,82.92,83.27,82.39,82.67,13224158.0
xnas:stock:AAPL,2024-02-29,82.83,83.51,82.62,83.17,37814697.0
xnas:stock:AAPL,2024-03-01,82.09,82.72,81.09,82.46,87899152.0
xnas:stock:AAPL,2024-03-04,81.69,82.09,80.74,81.3,43884192.0
xnas:stock:AAPL,2024-03-05,82.49,82.82,82.08,82.52,80433936.0
xnas:stock:AAPL,2024-03-06,83.63,85.07,81.79,83.64,98351834.0
xnas:stock:AAPL,2024-03-07,84.33,84.42,84.28,84.31,48902165.0
xnas:stock:AAPL,2024-03-08,83.19,84.1,83.15,83.59,92524257.0
xnas:stock:AAPL,2024-03-11,84.91,85.06,84.12,84.67,103863483.0
xnas:stock:AAPL,2024-03-12,85.13,85.49,85.06,85.34,94055743.0
xnas:stock:AAPL,2024-03-13,85.2,85.62,84.46,85.19,70980605.0
xnas:stock:AAPL,2024-03-14,85.24,86.42,84.49,85.38,110406982.0
xnas:stock:AAPL,2024-03-15,85.26,85.92,85.22,85.5,29756433.0
xnas:stock:AAPL,2024-03-18,84.81,85.3,84.31,84.77,114688567.0
xnas:stock:AAPL,2024-03-19,85.14,85.2,84.46,84.88,88840636.0
xnas:stock:AAPL,2024-03-20,84.68,85.39,84.1,85.05,41510498.0
xnas:stock:AAPL,2024-03-21,85.68,86.55,85.67,86.07,106404675.0
xnas:stock:AAPL,2024-03-22,85.25,85.44,83.93,85.06,119639963.0
xnas:stock:AAPL,2024-03-25,83.78,85.44,83.73,84.93,14812593.0
xnas:stock:AAPL,2024-03-26,86.28,87.15,86.13,86.31,71651685.0
xnas:stock:AAPL,2024-03-27,87.86,88.74,87.06,88.44,119567822.0
xnas:stock:AAPL,2024-03-28,86.92,87.37,86.63,86.9,14771915.0
xnas:stock:AAPL,2024-03-29,87.44,87.91,86.46,87.01,18339132.0
xnas:stock:AAPL,2024-04-01,88.13,88.47,87.83,88.12,114002827.0
xnas:stock:AAPL,2024-04-02,87.84,88.06,87.54,87.56,20936821.0
xnas:stock:AAPL,2024-04-03,87.66,88.04,86.84,87.35,55774207.0
xnas:stock:AAPL,2024-04-04,87.17,87.86,86.74,87.4,60750129.0
xnas:stock:AAPL,2024-04-05,87.47,87.81,86.89,87.79,55669203.0
xnas:stock:AAPL,2024-04-08,87.25,87.34,85.59,86.78,38374388.0
xnas:stock:AAPL,2024-04-09,88.4,89.23,87.69,88.49,22543211.0
xnas:stock:AAPL,2024-04-10,89.98,91.18,89.47,89.5,68512806.0
xnas:stock:AAPL,2024-04-11,89.52,89.7,88.15,89.31,25974599.0
xnas:stock:AAPL,2024-04-12,89.15,89.17,88.35,88.98,65936838.0
xnas:stock:AAPL,2024-04-15,93.01,94.7,91.65,92.3,102605532.0
xnas:stock:AAPL,2024-04-16,92.87,93.41,92.68,92.99,79622967.0
xnas:stock:AAPL,2024-04-17,92.91,93.37,92.65,93.29,97350740.0
xnas:stock:AAPL,2024-04-18,91.91,92.03,91.11,92.01,22748960.0
xnas:stock:AAPL,2024-04-19,91.84,92.0,91.82,91.91,87418219.0
xnas:stock:AAPL,2024-04-22,91.41,91.65,90.45,91.6,85255537.0
xnas:stock:AAPL,2024-04-23,91.55,91.94,91.11,91.42,107709220.0
xnas:stock:AAPL,2024-04-24,93.18,93.59,92.57,92.97,10594980.0
xnas:stock:AAPL,2024-04-25,92.9,93.09,92.59,92.94,27364174.0
xnas:stock:AAPL,2024-04-26,92.12,93.3,91.83,92.8,25282400.0
xnas:stock:AAPL,2024-04-29,92.74,92.84,92.18,92.41,119162424.0
xnas:stock:AAPL,2024-04-30,92.24,94.05,91.86,92.96,26495516.0
xnas:stock:AAPL,2024-05-01,93.78,94.13,93.38,93.44,48091700.0
xnas:stock:AAPL,2024-05-02,93.4,93.96,93.25,93.81,59239646.0
xnas:stock:AAPL,2024-05-03,95.44,95.7,95.08,95.41,85748893.0
xnas:stock:AAPL,2024-05-06,97.13,98.52,96.58,97.0,97145235.0
xnas:stock:AAPL,2024-05-07,97.6,98.21,96.83,96.97,12480301.0
xnas:stock:AAPL,2024-05-08,97.23,97.98,96.2,96.84,42200151.0
xnas:stock:AAPL,2024-05-09,95.53,96.03,95.29,95.45,84954656.0
xnas:stock:AAPL,2024-05-10,95.33,96.95,94.26,95.82,79546151.0
xnas:stock:AAPL,2024-05-13,96.43,97.51,96.03,96.07,109130926.0
xnas:stock:AAPL,2024-05-14,97.23,97.6,96.8,97.14,18851797.0
xnas:stock:AAPL,2024-05-15,97.83,98.21,97.71,97.74,113800890.0
xnas:stock:AAPL,2024-05-16,97.47,98.57,96.72,97.52,45364100.0
xnas:stock:AAPL,2024-05-17,96.53,97.59,95.78,96.14,100841937.0
xnas:stock:AAPL,2024-05-20,96.39,96.7,96.11,96.65,110706833.0
xnas:stock:AAPL,2024-05-21,95.74,96.54,95.39,96.09,57510665.0
xnas:stock:AAPL,2024-05-22,96.22,96.5,95.51,95.68,109021032.0
xnas:stock:AAPL,2024-05-23,95.66,95.95,93.98,95.52,98578707.0
xnas:stock:AAPL,2024-05-24,95.7,96.36,95.38,96.05,77945604.0
xnas:stock:AAPL,2024-05-27,96.84,97.04,95.87,96.41,37148156.0
xnas:stock:AAPL,2024-05-28,96.92,97.67,96.33,96.69,65213602.0
xnas:stock:AAPL,2024-05-29,96.21,96.56,96.02,96.35,20754644.0
xnas:stock:AAPL,2024-05-30,96.41,96.92,95.57,96.35,52756656.0
xnas:stock:AAPL,2024-05-31,96.93,97.68,96.4,97.59,70359673.0
xnas:stock:AAPL,2024-06-03,98.81,99.14,98.49,98.57,61455626.0
xnas:stock:AAPL,2024-06-04,99.65,100.96,99.61,99.92,81174111.0
xnas:stock:AAPL,2024-06-05,102.16,103.36,101.28,101.58,24749461.0
xnas:stock:AAPL,2024-06-06,104.59,104.93,103.73,104.31,63706679.0
xnas:stock:AAPL,2024-06-07,104.55,105.21,104.54,104.62,96480337.0
xnas:stock:AAPL,2024-06-10,104.55,105.02,103.74,104.52,21275338.0
xnas:stock:AAPL,2024-06-11,103.67,104.21,103.59,103.86,114296975.0
xnas:stock:AAPL,2024-06-12,102.05,102.96,101.82,102.72,28130406.0
xnas:stock:AAPL,2024-06-13,101.98,102.32,101.34,102.14,20048700.0
xnas:stock:AAPL,2024-06-14,101.86,101.94,101.66,101.87,66447936.0
xnas:stock:AAPL,2024-06-17,103.28,103.54,102.33,103.05,32925576.0
xnas:stock:AAPL,2024-06-18,102.38,102.9,101.15,102.23,10686759.0
xnas:stock:AAPL,2024-06-19,100.94,101.33,100.94,100.97,65493417.0
xnas:stock:AAPL,2024-06-20,102.42,102.61,101.41,101.85,24415450.0
xnas:stock:AAPL,2024-06-21,100.55,101.18,99.99,100.83,65834101.0
xnas:stock:AAPL,2024-06-24,102.25,103.12,101.43,102.22,39504807.0
xnas:stock:AAPL,2024-06-25,100.43,100.94,98.72,100.35,10742154.0
xnas:stock:AAPL,2024-06-26,98.59,99.6,97.98,99.0,102499250.0
xnas:stock:AAPL,2024-06-27,98.74,99.16,97.03,98.16,11855093.0
xnas:stock:AAPL,2024-06-28,97.3,98.07,97.12,97.51,49496909.0
xnas:stock:AMZN,2024-01-02,134.06,135.23,133.59,133.83,27703020.0
xnas:stock:AMZN,2024-01-03,132.3,132.74,131.69,132.68,43825262.0
xnas:stock:AMZN,2024-01-04,133.48,134.56,132.84,133.43,82963093.0
xnas:stock:AMZN,2024-01-05,132.74,134.84,132.62,133.18,30232006.0
xnas:stock:AMZN,2024-01-08,131.84,133.2,131.8,132.41,47029331.0
xnas:stock:AMZN,2024-01-09,132.31,133.46,132.28,133.25,92092233.0
xnas:stock:AMZN,2024-01-10,134.02,134.53,133.37,133.86,42757468.0
xnas:stock:AMZN,2024-01-11,131.69,132.09,129.73,131.31,80020077.0
xnas:stock:AMZN,2024-01-12,131.09,131.6,130.61,131.11,32097751.0
xnas:stock:AMZN,2024-01-15,133.07,133.37,131.65,133.23,113439348.0
xnas:stock:AMZN,2024-01-16,135.09,135.53,134.29,135.43,105919169.0
xnas:stock:AMZN,2024-01-17,135.08,135.27,134.62,134.97,75418608.0
xnas:stock:AMZN,2024-01-18,136.21,136.58,136.08,136.57,101272095.0
xnas:stock:AMZN,2024-01-19,136.18,137.07,136.0,136.66,13477053.0
xnas:stock:AMZN,2024-01-22,136.74,137.72,136.18,137.32,71333479.0
xnas:stock:AMZN,2024-01-23,137.39,137.51,136.23,137.03,87215368.0
xnas:stock:AMZN,2024-01-24,138.38,138.53,137.89,138.37,98746298.0
xnas:stock:AMZN,2024-01-25,138.77,139.68,137.46,139.02,103912611.0
xnas:stock:AMZN,2024-01-26,136.57,138.22,136.35,137.38,61047750.0
xnas:stock:AMZN,2024-01-29,138.25,138.73,136.67,138.44,107794991.0
xnas:stock:AMZN,2024-01-30,139.1,139.69,137.92,139.22,61361302.0
xnas:stock:AMZN,2024-01-31,136.92,138.22,136.46,137.45,31119408.0
xnas:stock:AMZN,2024-02-01,137.78,138.79,136.63,138.23,88931471.0
xnas:stock:AMZN,2024-02-02,140.1,141.26,138.59,139.8,90888833.0
xnas:stock:AMZN,2024-02-05,139.02,139.45,138.32,138.61,94161578.0
xnas:stock:AMZN,2024-02-06,139.31,140.17,138.36,139.83,52579750.0
xnas:stock:AMZN,2024-02-07,138.4,139.63,137.56,138.49,53453706.0
xnas:stock:AMZN,2024-02-08,141.83,142.24,140.31,140.57,71703719.0
xnas:stock:AMZN,2024-02-09,141.65,141.79,139.9,140.37,33755091.0
xnas:stock:AMZN,2024-02-12,139.79,141.56,138.98,139.45,80307036.0
xnas:stock:AMZN,2024-02-13,137.88,139.65,137.15,138.54,114134613.0
xnas:stock:AMZN,2024-02-14,138.52,139.82,135.84,138.47,25839603.0
xnas:stock:AMZN,2024-02-15,138.59,138.74,138.14,138.65,98228604.0
xnas:stock:AMZN,2024-02-16,137.77,138.81,137.42,138.1,106520386.0
xnas:stock:AMZN,2024-02-19,137.88,138.84,137.78,137.79,57869350.0
xnas:stock:AMZN,2024-02-20,137.91,139.02,134.2,136.49,80431417.0
xnas:stock:AMZN,2024-02-21,134.97,136.17,134.66,135.74,69552516.0
xnas:stock:AMZN,2024-02-22,136.96,138.79,136.18,136.5,21499768.0
xnas:stock:AMZN,2024-02-23,134.08,134.97,133.48,134.85,61656239.0
xnas:stock:AMZN,2024-02-26,134.02,134.87,133.14,133.88,27648480.0
xnas:stock:AMZN,2024-02-27,132.23,134.89,132.0,132.39,87828533.0
xnas:stock:AMZN,2024-02-28,132.66,133.19,132.18,132.78,94016248.0
xnas:stock:AMZN,2024-02-29,134.11,134.45,133.61,134.27,64206205.0
xnas:stock:AMZN,2024-03-01,133.81,134.25,133.18,133.95,85761474.0
xnas:stock:AMZN,2024-03-04,136.83,136.84,134.3,136.04,59957321.0
xnas:stock:AMZN,2024-03-05,134.61,136.44,134.56,135.97,17108985.0
xnas:stock:AMZN,2024-03-06,134.62,135.36,133.09,135.01,88946470.0
xnas:stock:AMZN,2024-03-07,135.6,136.32,134.77,135.75,52646611.0
xnas:stock:AMZN,2024-03-08,133.95,134.11,133.3,133.95,118967716.0
xnas:stock:AMZN,2024-03-11,133.13,134.2,132.41,133.69,34309203.0
xnas:stock:AMZN,2024-03-12,135.1,136.07,134.34,134.56,40114207.0
xnas:stock:AMZN,2024-03-13,132.81,133.94,132.25,133.45,13479732.0
xnas:stock:AMZN,2024-03-14,134.1,134.17,132.72,134.01,70434484.0
xnas:stock:AMZN,2024-03-15,133.68,134.74,132.92,133.82,62246993.0
xnas:stock:AMZN,2024-03-18,131.68,131.73,130.58,131.26,26058696.0
xnas:stock:AMZN,2024-03-19,130.6,131.97,130.36,130.92,13142535.0
xnas:stock:AMZN,2024-03-20,131.4,131.8,130.7,131.44,114021528.0
xnas:stock:AMZN,2024-03-21,131.76,132.04,130.97,131.9,71380314.0
xnas:stock:AMZN,2024-03-22,133.06,133.59,132.92,133.57,25216849.0
xnas:stock:AMZN,2024-03-25,134.54,134.72,133.68,134.41,34264915.0
xnas:stock:AMZN,2024-03-26,137.34,138.07,136.18,137.98,71944803.0
xnas:stock:AMZN,2024-03-27,139.2,139.61,137.94,139.32,26352522.0
xnas:stock:AMZN,2024-03-28,139.94,141.05,137.26,139.45,61677105.0
xnas:stock:AMZN,2024-03-29,139.66,141.44,138.32,139.87,93832860.0
xnas:stock:AMZN,2024-04-01,142.79,144.55,141.85,142.06,99066533.0
xnas:stock:AMZN,2024-04-02,139.2,139.61,138.73,139.09,77060193.0
xnas:stock:AMZN,2024-04-03,139.05,139.35,135.39,138.66,34056691.0
xnas:stock:AMZN,2024-04-04,136.89,137.82,135.6,137.47,62327639.0
xnas:stock:AMZN,2024-04-05,137.74,138.01,134.72,135.7,91492727.0
xnas:stock:AMZN,2024-04-08,136.1,138.16,135.86,136.2,15084195.0
xnas:stock:AMZN,2024-04-09,135.43,135.99,134.95,135.14,53593258.0
xnas:stock:AMZN,2024-04-10,134.43,134.62,134.16,134.35,65330549.0
xnas:stock:AMZN,2024-04-11,134.69,135.96,133.39,134.3,20408218.0
xnas:stock:AMZN,2024-04-12,133.22,133.78,132.16,133.52,44547537.0
xnas:stock:AMZN,2024-04-15,135.01,136.84,134.85,135.93,72548307.0
xnas:stock:AMZN,2024-04-16,135.51,136.2,134.4,135.85,27425676.0
xnas:stock:AMZN,2024-04-17,134.99,135.99,134.77,135.37,81304633.0
xnas:stock:AMZN,2024-04-18,137.07,137.12,136.35,136.45,86691664.0
xnas:stock:AMZN,2024-04-19,136.43,137.75,136.21,136.6,89317860.0
xnas:stock:AMZN,2024-04-22,136.75,137.07,135.93,137.05,27968123.0
xnas:stock:AMZN,2024-04-23,139.18,139.92,138.44,139.43,107226720.0
xnas:stock:AMZN,2024-04-24,139.01,139.25,138.24,138.61,89447343.0
xnas:stock:AMZN,2024-04-25,138.05,138.16,136.9,138.05,115938865.0
xnas:stock:AMZN,2024-04-26,137.35,138.27,137.03,137.42,100056674.0
xnas:stock:AMZN,2024-04-29,141.28,142.04,140.32,140.65,21461953.0
xnas:stock:AMZN,2024-04-30,141.9,142.08,141.04,141.45,86733093.0
xnas:stock:AMZN,2024-05-01,142.46,142.94,141.2,141.36,117364854.0
xnas:stock:AMZN,2024-05-02,141.87,143.66,141.51,141.85,79431627.0
xnas:stock:AMZN,2024-05-03,141.08,141.8,140.02,140.57,42592800.0
xnas:stock:AMZN,2024-05-06,139.4,140.28,138.12,138.9,40716419.0
xnas:stock:AMZN,2024-05-07,136.38,137.12,134.68,136.07,68235305.0
xnas:stock:AMZN,2024-05-08,138.35,139.01,137.63,138.67,28546704.0
xnas:stock:AMZN,2024-05-09,136.88,137.97,136.26,137.47,15769777.0
xnas:stock:AMZN,2024-05-10,136.12,137.68,134.86,136.27,69637084.0
xnas:stock:AMZN,2024-05-13,135.42,136.85,134.07,136.19,29250771.0
xnas:stock:AMZN,2024-05-14,135.63,137.28,135.0,136.23,62362521.0
xnas:stock:AMZN,2024-05-15,134.59,135.57,132.69,135.18,21102000.0
xnas:stock:AMZN,2024-05-16,134.17,134.72,133.81,134.51,80607554.0
xnas:stock:AMZN,2024-05-17,133.37,133.67,133.3,133.64,22034383.0
xnas:stock:AMZN,2024-05-20,130.79,132.37,129.62,131.59,105807239.0
xnas:stock:AMZN,2024-05-21,131.61,133.37,130.93,132.35,16890862.0
xnas:stock:AMZN,2024-05-22,134.77,135.49,132.9,134.4,14173758.0
xnas:stock:AMZN,2024-05-23,130.91,132.36,130.9,131.74,27275351.0
xnas:stock:AMZN,2024-05-24,133.72,134.32,132.44,133.54,104209738.0
xnas:stock:AMZN,2024-05-27,133.9,134.66,133.6,133.7,98039490.0
xnas:stock:AMZN,2024-05-28,132.95,134.07,132.39,133.19,45382428.0
xnas:stock:AMZN,2024-05-29,132.49,132.77,131.12,132.48,66762844.0
xnas:stock:AMZN,2024-05-30,133.97,135.33,132.02,134.67,33827424.0
xnas:stock:AMZN,2024-05-31,136.72,136.89,136.2,136.68,100545480.0
xnas:stock:AMZN,2024-06-03,139.04,140.52,138.9,139.6,97276581.0
xnas:stock:AMZN,2024-06-04,140.77,141.74,140.38,141.28,116107505.0
xnas:stock:AMZN,2024-06-05,140.6,141.32,139.78,141.13,115379988.0
xnas:stock:AMZN,2024-06-06,140.18,140.92,139.67,139.89,60926275.0
xnas:stock:AMZN,2024-06-07,139.62,139.97,139.1,139.27,107226839.0
xnas:stock:AMZN,2024-06-10,140.34,141.24,138.8,139.53,84019390.0
xnas:stock:AMZN,2024-06-11,138.76,139.4,138.73,139.13,14618321.0
xnas:stock:AMZN,2024-06-12,138.04,138.4,136.38,137.09,12929749.0
xnas:stock:AMZN,2024-06-13,138.98,139.91,138.51,139.49,111007494.0
xnas:stock:AMZN,2024-06-14,138.13,138.6,135.75,137.83,39397528.0
xnas:stock:AMZN,2024-06-17,138.17,139.71,138.1,138.95,12527459.0
xnas:stock:AMZN,2024-06-18,142.08,142.29,140.41,141.25,87563248.0
xnas:stock:AMZN,2024-06-19,140.76,142.75,138.67,140.49,73708096.0
xnas:stock:AMZN,2024-06-20,141.37,143.34,141.02,142.72,37122309.0
xnas:stock:AMZN,2024-06-21,143.18,144.08,142.5,143.13,32899353.0
xnas:stock:AMZN,2024-06-24,142.63,144.92,141.18,143.84,111538410.0
xnas:stock:AMZN,2024-06-25,143.1,143.59,141.6,142.74,58217096.0
xnas:stock:AMZN,2024-06-26,143.25,144.58,142.32,143.44,40582560.0
xnas:stock:AMZN,2024-06-27,147.92,148.27,147.92,148.07,112143645.0
xnas:stock:AMZN,2024-06-28,147.46,148.99,144.63,146.6,41503963.0
xnas:stock:AVGO,2024-01-02,203.67,203.84,202.48,202.88,13993545.0
xnas:stock:AVGO,2024-01-03,206.01,207.12,204.81,204.83,75502009.0
xnas:stock:AVGO,2024-01-04,202.87,205.9,202.29,204.65,111550550.0
xnas:stock:AVGO,2024-01-05,200.26,200.39,198.49,199.77,68764005.0
xnas:stock:AVGO,2024-01-08,200.97,202.97,200.14,202.32,99942240.0
xnas:stock:AVGO,2024-01-09,202.07,203.1,201.26,201.42,78231230.0
xnas:stock:AVGO,2024-01-10,200.54,202.37,199.34,201.21,26943406.0
xnas:stock:AVGO,2024-01-11,199.19,201.38,198.4,198.51,77376428.0
xnas:stock:AVGO,2024-01-12,199.81,199.85,196.64,198.59,48634860.0
xnas:stock:AVGO,2024-01-15,197.48,198.08,196.18,197.16,112809570.0
xnas:stock:AVGO,2024-01-16,195.36,197.82,194.43,196.07,39951942.0
xnas:stock:AVGO,2024-01-17,196.83,197.16,195.45,196.34,53887669.0
xnas:stock:AVGO,2024-01-18,198.99,200.02,198.97,199.23,66403984.0
xnas:stock:AVGO,2024-01-19,198.29,199.52,197.06,197.72,117248980.0
xnas:stock:AVGO,2024-01-22,198.68,199.24,197.59,198.53,118229010.0
xnas:stock:AVGO,2024-01-23,197.62,199.79,197.45,198.44,30663591.0
xnas:stock:AVGO,2024-01-24,197.46,198.36,196.97,197.53,102868112.0
xnas:stock:AVGO,2024-01-25,193.38,195.07,192.41,193.17,119962673.0
xnas:stock:AVGO,2024-01-26,194.04,195.66,193.79,195.19,43864730.0
xnas:stock:AVGO,2024-01-29,195.56,197.63,194.67,196.06,27422281.0
xnas:stock:AVGO,2024-01-30,195.92,197.38,194.93,196.79,44186334.0
xnas:stock:AVGO,2024-01-31,195.49,197.93,194.09,197.26,28955410.0
xnas:stock:AVGO,2024-02-01,193.25,194.6,193.04,193.35,80712733.0
xnas:stock:AVGO,2024-02-02,194.91,196.31,194.73,195.19,90788487.0
xnas:stock:AVGO,2024-02-05,197.59,198.68,196.22,197.97,35514207.0
xnas:stock:AVGO,2024-02-06,195.41,196.58,194.98,195.16,86316415.0
xnas:stock:AVGO,2024-02-07,194.5,195.13,193.3,193.79,38822596.0
xnas:stock:AVGO,2024-02-08,192.61,192.97,191.19,192.24,75049643.0
xnas:stock:AVGO,2024-02-09,192.46,193.58,192.04,192.69,42288578.0
xnas:stock:AVGO,2024-02-12,190.77,191.26,189.26,190.77,49377311.0
xnas:stock:AVGO,2024-02-13,190.25,191.54,189.46,190.39,60958113.0
xnas:stock:AVGO,2024-02-14,191.31,193.6,189.87,191.62,35717874.0
xnas:stock:AVGO,2024-02-15,193.55,194.84,191.25,193.62,118522846.0
xnas:stock:AVGO,2024-02-16,196.7,197.35,194.01,195.69,22391278.0
xnas:stock:AVGO,2024-02-19,198.55,199.26,197.01,197.11,45595424.0
xnas:stock:AVGO,2024-02-20,197.92,198.11,195.72,197.99,52103530.0
xnas:stock:AVGO,2024-02-21,198.4,199.35,197.8,197.88,80719433.0
xnas:stock:AVGO,2024-02-22,197.41,198.79,194.65,197.56,31882194.0
xnas:stock:AVGO,2024-02-23,196.75,198.01,195.63,197.27,74238629.0
xnas:stock:AVGO,2024-02-26,197.69,199.65,195.14,199.01,70350766.0
xnas:stock:AVGO,2024-02-27,200.86,201.96,198.12,199.48,12876768.0
xnas:stock:AVGO,2024-02-28,198.26,199.25,198.07,198.6,111048079.0
xnas:stock:AVGO,2024-02-29,197.64,198.82,197.12,198.45,102242888.0
xnas:stock:AVGO,2024-03-01,197.34,199.07,196.48,198.6,38779635.0
xnas:stock:AVGO,2024-03-04,197.88,197.99,197.62,197.81,118140112.0
xnas:stock:AVGO,2024-03-05,198.64,199.08,194.1,196.99,36287645.0
xnas:stock:AVGO,2024-03-06,193.78,194.34,192.03,192.58,111354648.0
xnas:stock:AVGO,2024-03-07,193.92,195.12,192.57,194.37,14839299.0
xnas:stock:AVGO,2024-03-08,195.98,197.09,194.28,194.95,113282045.0
xnas:stock:AVGO,2024-03-11,193.0,193.79,191.25,192.62,69112891.0
xnas:stock:AVGO,2024-03-12,193.31,195.25,192.2,193.77,21961421.0
xnas:stock:AVGO,2024-03-13,194.95,195.32,194.62,194.89,76997208.0
xnas:stock:AVGO,2024-03-14,192.13,195.37,191.65,193.82,13001734.0
xnas:stock:AVGO,2024-03-15,193.56,194.65,191.45,192.54,67811088.0
xnas:stock:AVGO,2024-03-18,187.77,190.59,186.47,190.51,101471620.0
xnas:stock:AVGO,2024-03-19,192.36,193.26,190.87,192.79,91420857.0
xnas:stock:AVGO,2024-03-20,193.12,194.29,192.87,193.35,34775576.0
xnas:stock:AVGO,2024-03-21,195.22,195.64,194.37,194.62,61853415.0
xnas:stock:AVGO,2024-03-22,197.29,197.83,196.81,196.87,28587910.0
xnas:stock:AVGO,2024-03-25,198.68,200.15,198.49,198.73,90488930.0
xnas:stock:AVGO,2024-03-26,198.34,201.46,197.35,199.58,85968634.0
xnas:stock:AVGO,2024-03-27,194.99,195.58,194.21,194.94,33758052.0
xnas:stock:AVGO,2024-03-28,195.59,196.36,194.06,195.71,100868922.0
xnas:stock:AVGO,2024-03-29,196.0,196.95,193.84,195.64,18292671.0
xnas:stock:AVGO,2024-04-01,197.18,198.28,195.35,196.99,40171028.0
xnas:stock:AVGO,2024-04-02,195.63,197.25,193.71,196.12,98720430.0
xnas:stock:AVGO,2024-04-03,195.98,196.35,194.88,195.73,109666041.0
xnas:stock:AVGO,2024-04-04,192.39,193.25,192.06,192.79,22904889.0
xnas:stock:AVGO,2024-04-05,189.12,189.38,188.83,189.02,108898658.0
xnas:stock:AVGO,2024-04-08,191.09,192.8,190.97,191.21,24950600.0
xnas:stock:AVGO,2024-04-09,191.46,193.48,190.11,191.5,69415937.0
xnas:stock:AVGO,2024-04-10,194.41,194.99,192.72,194.13,85215995.0
xnas:stock:AVGO,2024-04-11,192.63,192.8,191.01,192.38,104672596.0
xnas:stock:AVGO,2024-04-12,189.73,192.31,188.99,190.78,28796003.0
xnas:stock:AVGO,2024-04-15,190.39,190.82,188.87,190.69,38389839.0
xnas:stock:AVGO,2024-04-16,188.41,188.76,188.37,188.47,67904223.0
xnas:stock:AVGO,2024-04-17,189.97,191.22,188.76,189.65,54535336.0
xnas:stock:AVGO,2024-04-18,190.66,191.8,187.29,190.43,34186962.0
xnas:stock:AVGO,2024-04-19,189.52,192.38,189.04,189.75,109785713.0
xnas:stock:AVGO,2024-04-22,191.6,192.12,189.12,190.85,100256299.0
xnas:stock:AVGO,2024-04-23,191.47,191.87,190.93,190.97,39298495.0
xnas:stock:AVGO,2024-04-24,189.66,190.23,188.54,189.27,10386226.0
xnas:stock:AVGO,2024-04-25,193.6,194.28,192.09,192.46,43296502.0
xnas:stock:AVGO,2024-04-26,192.58,193.02,192.02,192.44,53959380.0
xnas:stock:AVGO,2024-04-29,195.74,196.8,195.16,195.67,61257734.0
xnas:stock:AVGO,2024-04-30,195.23,196.56,193.5,194.89,39257678.0
xnas:stock:AVGO,2024-05-01,198.99,200.89,197.92,198.15,96859991.0
xnas:stock:AVGO,2024-05-02,199.01,200.68,197.86,199.5,108659612.0
xnas:stock:AVGO,2024-05-03,194.0,195.58,193.32,195.36,87332356.0
xnas:stock:AVGO,2024-05-06,193.74,195.25,192.29,194.9,13223870.0
xnas:stock:AVGO,2024-05-07,195.28,196.65,193.19,195.7,24054487.0
xnas:stock:AVGO,2024-05-08,197.83,198.96,194.94,197.13,83279468.0
xnas:stock:AVGO,2024-05-09,195.97,197.16,195.87,196.67,93575642.0
xnas:stock:AVGO,2024-05-10,195.6,196.78,194.31,196.38,19020952.0
xnas:stock:AVGO,2024-05-13,196.78,199.37,195.46,195.87,18273859.0
xnas:stock:AVGO,2024-05-14,196.87,198.99,195.83,197.89,102042429.0
xnas:stock:AVGO,2024-05-15,199.5,200.71,198.16,200.07,13541973.0
xnas:stock:AVGO,2024-05-16,199.83,201.09,198.68,200.43,29684750.0
xnas:stock:AVGO,2024-05-17,200.02,200.5,199.28,199.66,22509393.0
xnas:stock:AVGO,2024-05-20,198.87,200.11,195.7,199.04,49323936.0
xnas:stock:AVGO,2024-05-21,197.14,199.08,196.41,197.26,51716406.0
xnas:stock:AVGO,2024-05-22,193.66,198.26,193.6,194.9,38634032.0
xnas:stock:AVGO,2024-05-23,196.24,196.77,195.08,195.9,86229165.0
xnas:stock:AVGO,2024-05-24,196.36,197.58,195.45,195.89,82361348.0
xnas:stock:AVGO,2024-05-27,198.06,199.36,197.05,197.07,94141506.0
xnas:stock:AVGO,2024-05-28,193.24,195.41,192.77,194.72,70937526.0
xnas:stock:AVGO,2024-05-29,194.2,194.34,192.3,193.55,109372748.0
xnas:stock:AVGO,2024-05-30,193.68,194.23,193.52,193.61,17177363.0
xnas:stock:AVGO,2024-05-31,193.46,194.15,192.88,193.01,48970694.0
xnas:stock:AVGO,2024-06-03,195.07,196.21,192.75,194.02,112530595.0
xnas:stock:AVGO,2024-06-04,197.54,199.76,196.09,197.42,34259472.0
xnas:stock:AVGO,2024-06-05,198.81,200.1,197.12,197.6,19975160.0
xnas:stock:AVGO,2024-06-06,197.97,198.45,196.37,198.22,51689981.0
xnas:stock:AVGO,2024-06-07,199.11,200.78,198.15,199.35,63330260.0
xnas:stock:AVGO,2024-06-10,197.26,197.27,196.49,196.98,56021761.0
xnas:stock:AVGO,2024-06-11,193.19,193.97,192.56,193.08,82216173.0
xnas:stock:AVGO,2024-06-12,193.02,193.6,192.86,192.9,40037622.0
xnas:stock:AVGO,2024-06-13,192.76,193.18,190.87,191.48,36107695.0
xnas:stock:AVGO,2024-06-14,194.66,194.91,193.29,194.1,21553035.0
xnas:stock:AVGO,2024-06-17,190.99,193.37,189.36,191.38,70882323.0
xnas:stock:AVGO,2024-06-18,191.92,191.96,190.98,191.6,38887024.0
xnas:stock:AVGO,2024-06-19,191.17,192.19,188.14,189.74,35497019.0
xnas:stock:AVGO,2024-06-20,190.25,193.16,188.73,191.42,118470204.0
xnas:stock:AVGO,2024-06-21,187.29,189.22,185.15,188.31,83811386.0
xnas:stock:AVGO,2024-06-24,188.52,189.71,187.63,189.28,63940340.0
xnas:stock:AVGO,2024-06-25,185.65,188.71,185.49,186.82,44775373.0
xnas:stock:AVGO,2024-06-26,187.29,189.42,186.61,187.61,53028388.0
xnas:stock:AVGO,2024-06-27,188.18,188.58,186.35,187.31,92492064.0
xnas:stock:AVGO,2024-06-28,182.96,186.32,180.73,184.91,112354196.0
xnas:stock:GOOGL,2024-01-02,113.87,114.97,113.59,113.83,78045342.0
xnas:stock:GOOGL,2024-01-03,114.91,115.61,114.12,115.43,99020838.0
xnas:stock:GOOGL,2024-01-04,115.44,116.62,115.2,116.17,86636031.0
xnas:stock:GOOGL,2024-01-05,118.46,118.5,117.06,117.6,23126367.0
xnas:stock:GOOGL,2024-01-08,115.81,116.94,115.07,116.58,110801577.0
xnas:stock:GOOGL,2024-01-09,114.4,115.55,113.84,115.28,110593053.0
xnas:stock:GOOGL,2024-01-10,116.44,116.57,114.45,115.35,33166108.0
xnas:stock:GOOGL,2024-01-11,117.7,118.05,116.82,117.04,114908518.0
xnas:stock:GOOGL,2024-01-12,117.1,118.93,116.56,116.99,23659513.0
xnas:stock:GOOGL,2024-01-15,116.76,118.06,115.9,117.99,49390769.0
xnas:stock:GOOGL,2024-01-16,120.73,120.81,120.39,120.46,48605018.0
xnas:stock:GOOGL,2024-01-17,121.11,121.81,120.97,121.57,36449723.0
xnas:stock:GOOGL,2024-01-18,122.29,123.65,121.76,121.94,43639244.0
xnas:stock:GOOGL,2024-01-19,120.6,121.45,120.03,120.57,28447762.0
xnas:stock:GOOGL,2024-01-22,118.99,120.57,118.61,119.04,15823032.0
xnas:stock:GOOGL,2024-01-23,117.17,118.99,116.51,118.01,52821814.0
xnas:stock:GOOGL,2024-01-24,116.11,116.73,115.94,116.21,50205907.0
xnas:stock:GOOGL,2024-01-25,114.31,115.92,113.21,115.04,68574693.0
xnas:stock:GOOGL,2024-01-26,113.72,113.75,113.31,113.45,11084295.0
xnas:stock:GOOGL,2024-01-29,112.17,112.75,111.11,111.93,55027601.0
xnas:stock:GOOGL,2024-01-30,112.2,112.66,111.84,112.05,43855417.0
xnas:stock:GOOGL,2024-01-31,112.96,113.42,111.38,112.82,72721197.0
xnas:stock:GOOGL,2024-02-01,113.0,113.94,112.86,113.68,81781780.0
xnas:stock:GOOGL,2024-02-02,112.17,112.69,112.16,112.27,90669084.0
xnas:stock:GOOGL,2024-02-05,113.12,113.6,112.55,112.81,116943216.0
xnas:stock:GOOGL,2024-02-06,113.66,114.94,112.3,112.9,90133154.0
xnas:stock:GOOGL,2024-02-07,114.78,115.13,114.42,114.72,79283501.0
xnas:stock:GOOGL,2024-02-08,112.49,112.7,112.28,112.57,119247780.0
xnas:stock:GOOGL,2024-02-09,113.19,114.14,112.58,112.93,48143758.0
xnas:stock:GOOGL,2024-02-12,113.77,114.51,112.61,113.2,111358966.0
xnas:stock:GOOGL,2024-02-13,112.57,113.14,111.23,111.66,70061739.0
xnas:stock:GOOGL,2024-02-14,112.01,112.68,111.4,111.62,82640849.0
xnas:stock:GOOGL,2024-02-15,108.24,109.25,107.84,108.84,84609214.0
xnas:stock:GOOGL,2024-02-16,107.07,107.77,106.88,107.66,79383305.0
xnas:stock:GOOGL,2024-02-19,108.33,110.26,106.3,107.5,99531721.0
xnas:stock:GOOGL,2024-02-20,107.84,109.12,107.8,107.87,92920470.0
xnas:stock:GOOGL,2024-02-21,108.65,109.43,108.02,108.39,51067775.0
xnas:stock:GOOGL,2024-02-22,107.5,108.35,107.19,108.11,36707313.0
xnas:stock:GOOGL,2024-02-23,107.93,108.95,106.94,108.2,85509753.0
xnas:stock:GOOGL,2024-02-26,108.87,108.96,107.13,108.77,98289778.0
xnas:stock:GOOGL,2024-02-27,108.84,109.66,108.72,109.4,12675234.0
xnas:stock:GOOGL,2024-02-28,110.22,110.28,109.25,110.13,98201634.0
xnas:stock:GOOGL,2024-02-29,109.81,110.25,109.52,109.76,56661305.0
xnas:stock:GOOGL,2024-03-01,109.46,109.67,107.99,108.9,63316164.0
xnas:stock:GOOGL,2024-03-04,109.52,110.04,109.28,109.9,62493177.0
xnas:stock:GOOGL,2024-03-05,107.99,108.99,107.24,108.57,36771004.0
xnas:stock:GOOGL,2024-03-06,107.42,107.88,105.97,107.48,105764045.0
xnas:stock:GOOGL,2024-03-07,105.95,106.96,104.85,105.95,22776231.0
xnas:stock:GOOGL,2024-03-08,106.37,107.57,105.79,105.94,36375198.0
xnas:stock:GOOGL,2024-03-11,106.08,107.35,105.17,106.7,67211950.0
xnas:stock:GOOGL,2024-03-12,107.52,108.38,106.56,107.5,30392696.0
xnas:stock:GOOGL,2024-03-13,108.29,108.74,107.35,108.0,32016187.0
xnas:stock:GOOGL,2024-03-14,105.26,106.91,104.21,105.95,112910699.0
xnas:stock:GOOGL,2024-03-15,107.63,107.71,106.56,107.1,48200817.0
xnas:stock:GOOGL,2024-03-18,107.53,109.49,107.52,107.89,88982930.0
xnas:stock:GOOGL,2024-03-19,107.28,107.75,107.27,107.27,11974882.0
xnas:stock:GOOGL,2024-03-20,104.3,105.13,103.77,104.68,58218122.0
xnas:stock:GOOGL,2024-03-21,104.64,105.25,103.07,104.53,47701122.0
xnas:stock:GOOGL,2024-03-22,103.35,103.96,103.12,103.78,47691518.0
xnas:stock:GOOGL,2024-03-25,101.95,103.24,101.63,102.22,81895922.0
xnas:stock:GOOGL,2024-03-26,100.63,101.19,100.12,100.38,35922912.0
xnas:stock:GOOGL,2024-03-27,99.26,100.39,98.07,99.65,29968618.0
xnas:stock:GOOGL,2024-03-28,100.09,100.5,99.17,99.41,100281873.0
xnas:stock:GOOGL,2024-03-29,101.19,101.77,101.18,101.45,90994994.0
xnas:stock:GOOGL,2024-04-01,102.03,102.65,101.82,101.93,110109899.0
xnas:stock:GOOGL,2024-04-02,101.87,103.48,101.65,101.67,82709074.0
xnas:stock:GOOGL,2024-04-03,103.48,103.71,103.07,103.24,61652012.0
xnas:stock:GOOGL,2024-04-04,102.65,103.08,102.43,102.97,90828407.0
xnas:stock:GOOGL,2024-04-05,100.9,101.35,98.72,99.96,116968586.0
xnas:stock:GOOGL,2024-04-08,101.71,101.98,100.99,101.35,87090461.0
xnas:stock:GOOGL,2024-04-09,101.32,101.34,101.09,101.3,37862689.0
xnas:stock:GOOGL,2024-04-10,101.7,102.08,101.36,101.58,80020832.0
xnas:stock:GOOGL,2024-04-11,101.26,101.36,99.9,100.58,44423848.0
xnas:stock:GOOGL,2024-04-12,99.51,100.18,99.31,99.78,42066257.0
xnas:stock:GOOGL,2024-04-15,100.13,100.41,98.95,99.43,75693076.0
xnas:stock:GOOGL,2024-04-16,99.18,100.11,99.07,99.75,48471387.0
xnas:stock:GOOGL,2024-04-17,99.41,99.73,98.59,99.37,64658975.0
xnas:stock:GOOGL,2024-04-18,99.83,100.33,99.78,99.89,38510273.0
xnas:stock:GOOGL,2024-04-19,99.75,101.2,99.34,100.75,77706773.0
xnas:stock:GOOGL,2024-04-22,101.61,101.82,101.08,101.78,98766725.0
xnas:stock:GOOGL,2024-04-23,101.48,103.19,101.1,102.42,56589638.0
xnas:stock:GOOGL,2024-04-24,102.82,103.83,102.25,102.99,76889312.0
xnas:stock:GOOGL,2024-04-25,104.61,105.35,103.55,104.61,23123643.0
xnas:stock:GOOGL,2024-04-26,104.8,105.66,103.6,104.32,89255366.0
xnas:stock:GOOGL,2024-04-29,102.92,103.05,101.69,102.61,58508556.0
xnas:stock:GOOGL,2024-04-30,101.44,102.0,101.07,101.49,96697984.0
xnas:stock:GOOGL,2024-05-01,99.74,100.95,99.29,100.66,75110975.0
xnas:stock:GOOGL,2024-05-02,97.74,98.13,97.37,98.06,101920628.0
xnas:stock:GOOGL,2024-05-03,97.0,97.37,96.45,96.88,75235788.0
xnas:stock:GOOGL,2024-05-06,95.83,96.15,94.97,95.86,56322420.0
xnas:stock:GOOGL,2024-05-07,95.71,97.42,95.16,96.2,22380402.0
xnas:stock:GOOGL,2024-05-08,95.71,96.5,95.38,96.3,103408757.0
xnas:stock:GOOGL,2024-05-09,95.02,95.17,94.44,95.08,115466261.0
xnas:stock:GOOGL,2024-05-10,94.01,94.48,92.81,93.77,106963170.0
xnas:stock:GOOGL,2024-05-13,91.75,92.31,90.86,92.08,54078888.0
xnas:stock:GOOGL,2024-05-14,91.56,92.05,91.35,91.93,22227041.0
xnas:stock:GOOGL,2024-05-15,91.59,91.93,90.81,91.59,62416506.0
xnas:stock:GOOGL,2024-05-16,93.88,93.96,92.85,93.23,113787285.0
xnas:stock:GOOGL,2024-05-17,93.5,94.41,92.41,93.96,106325020.0
xnas:stock:GOOGL,2024-05-20,94.08,94.49,93.93,94.34,112237078.0
xnas:stock:GOOGL,2024-05-21,93.24,93.83,92.68,93.53,99764019.0
xnas:stock:GOOGL,2024-05-22,95.56,95.6,94.57,94.87,116894373.0
xnas:stock:GOOGL,2024-05-23,93.91,95.0,93.27,94.26,95938747.0
xnas:stock:GOOGL,2024-05-24,94.48,95.38,93.9,94.58,25056963.0
xnas:stock:GOOGL,2024-05-27,94.86,94.88,93.91,94.49,84906079.0
xnas:stock:GOOGL,2024-05-28,95.19,95.39,93.55,94.71,41752677.0
xnas:stock:GOOGL,2024-05-29,95.19,95.38,94.32,94.8,47841022.0
xnas:stock:GOOGL,2024-05-30,94.68,95.63,94.27,94.64,46913869.0
xnas:stock:GOOGL,2024-05-31,94.81,95.5,94.41,94.46,46644205.0
xnas:stock:GOOGL,2024-06-03,95.31,96.11,94.78,95.49,43565228.0
xnas:stock:GOOGL,2024-06-04,96.8,98.07,95.82,96.78,84654375.0
xnas:stock:GOOGL,2024-06-05,97.42,97.44,97.17,97.32,59059059.0
xnas:stock:GOOGL,2024-06-06,96.54,97.37,96.04,97.11,54928514.0
xnas:stock:GOOGL,2024-06-07,95.53,96.07,94.6,95.81,115716439.0
xnas:stock:GOOGL,2024-06-10,96.19,96.42,95.61,96.22,48729484.0
xnas:stock:GOOGL,2024-06-11,94.4,94.95,94.12,94.19,50387083.0
xnas:stock:GOOGL,2024-06-12,93.72,95.21,93.52,94.49,16652364.0
xnas:stock:GOOGL,2024-06-13,92.92,94.4,92.63,93.44,95000737.0
xnas:stock:GOOGL,2024-06-14,93.85,94.44,93.45,94.37,28647506.0
xnas:stock:GOOGL,2024-06-17,93.8,93.92,93.43,93.57,114053956.0
xnas:stock:GOOGL,2024-06-18,93.01,93.95,92.99,93.33,85570723.0
xnas:stock:GOOGL,2024-06-19,93.72,93.95,92.83,93.62,50467024.0
xnas:stock:GOOGL,2024-06-20,93.19,94.6,93.16,93.67,88278195.0
xnas:stock:GOOGL,2024-06-21,94.08,94.51,93.59,94.24,114112501.0
xnas:stock:GOOGL,2024-06-24,94.54,94.82,94.35,94.71,43789895.0
xnas:stock:GOOGL,2024-06-25,96.92,97.4,96.55,96.86,106478422.0
xnas:stock:GOOGL,2024-06-26,97.24,98.12,97.21,97.4,60271180.0
xnas:stock:GOOGL,2024-06-27,97.61,97.77,96.66,96.82,107248795.0
xnas:stock:GOOGL,2024-06-28,96.43,96.52,95.86,96.41,44515976.0
xnas:stock:META,2024-01-02,165.47,166.45,164.59,166.29,97585089.0
xnas:stock:META,2024-01-03,165.88,166.39,165.58,166.14,85726420.0
xnas:stock:META,2024-01-04,164.53,166.33,164.25,165.11,113037075.0
xnas:stock:META,2024-01-05,163.1,163.72,162.73,163.46,82915143.0
xnas:stock:META,2024-01-08,160.89,162.34,158.77,160.57,104799224.0
xnas:stock:META,2024-01-09,159.22,160.25,159.11,159.72,19259303.0
xnas:stock:META,2024-01-10,158.15,160.45,157.07,158.09,56024025.0
xnas:stock:META,2024-01-11,157.16,157.34,155.98,156.64,83137598.0
xnas:stock:META,2024-01-12,154.75,155.71,154.15,154.24,47922061.0
xnas:stock:META,2024-01-15,153.09,153.71,152.23,153.08,104986347.0
xnas:stock:META,2024-01-16,151.3,153.93,149.92,152.19,22386956.0
xnas:stock:META,2024-01-17,152.4,153.78,152.35,152.67,58528878.0
xnas:stock:META,2024-01-18,154.02,155.5,153.87,154.81,41842469.0
xnas:stock:META,2024-01-19,154.62,155.1,152.76,154.09,39302636.0
xnas:stock:META,2024-01-22,152.62,152.96,151.81,152.7,95798132.0
xnas:stock:META,2024-01-23,156.09,156.45,154.75,155.28,52193854.0
xnas:stock:META,2024-01-24,155.65,155.71,153.81,155.42,119532311.0
xnas:stock:META,2024-01-25,155.25,155.64,154.03,155.26,81388575.0
xnas:stock:META,2024-01-26,153.77,154.78,152.52,153.13,78766108.0
xnas:stock:META,2024-01-29,152.96,153.96,152.09,153.21,117550273.0
xnas:stock:META,2024-01-30,154.74,154.74,153.1,154.69,29514130.0
xnas:stock:META,2024-01-31,154.61,156.3,152.56,155.13,45401007.0
xnas:stock:META,2024-02-01,156.09,156.86,155.99,156.37,84726253.0
xnas:stock:META,2024-02-02,153.78,154.45,152.91,154.28,57180189.0
xnas:stock:META,2024-02-05,156.62,158.14,155.6,157.6,19926241.0
xnas:stock:META,2024-02-06,158.81,159.53,157.22,158.01,51654569.0
xnas:stock:META,2024-02-07,156.27,157.46,155.83,157.46,10565443.0
xnas:stock:META,2024-02-08,154.96,156.45,153.72,154.75,58446837.0
xnas:stock:META,2024-02-09,154.47,155.24,153.4,154.58,46292982.0
xnas:stock:META,2024-02-12,156.1,157.22,155.78,156.47,26453000.0
xnas:stock:META,2024-02-13,157.39,157.74,156.79,157.67,22496508.0
xnas:stock:META,2024-02-14,155.62,155.85,155.21,155.42,104239186.0
xnas:stock:META,2024-02-15,156.62,157.11,156.38,156.6,47277237.0
xnas:stock:META,2024-02-16,156.59,158.21,156.4,157.82,96195715.0
xnas:stock:META,2024-02-19,156.66,157.91,156.03,156.93,17647105.0
xnas:stock:META,2024-02-20,154.68,156.67,152.79,155.92,23051388.0
xnas:stock:META,2024-02-21,152.9,154.62,152.78,153.61,82054577.0
xnas:stock:META,2024-02-22,155.01,155.77,154.29,155.49,118864139.0
xnas:stock:META,2024-02-23,159.24,159.99,157.64,157.99,59023019.0
xnas:stock:META,2024-02-26,160.3,160.86,157.71,159.63,116879178.0
xnas:stock:META,2024-02-27,160.51,161.29,159.64,159.91,43712000.0
xnas:stock:META,2024-02-28,162.07,163.47,161.09,161.1,47321318.0
xnas:stock:META,2024-02-29,158.26,159.28,156.15,159.09,81537622.0
xnas:stock:META,2024-03-01,160.78,162.37,158.47,161.4,88871956.0
xnas:stock:META,2024-03-04,162.65,164.67,161.96,162.78,67877534.0
xnas:stock:META,2024-03-05,162.98,164.06,161.99,163.39,16732604.0
xnas:stock:META,2024-03-06,161.89,163.87,161.27,163.32,86496210.0
xnas:stock:META,2024-03-07,161.61,161.68,160.35,161.22,26984079.0
xnas:stock:META,2024-03-08,160.07,160.95,159.83,160.02,43661093.0
xnas:stock:META,2024-03-11,158.99,159.58,157.71,158.07,44728165.0
xnas:stock:META,2024-03-12,158.68,159.13,157.78,158.08,89789702.0
xnas:stock:META,2024-03-13,156.91,157.84,156.1,157.73,106357672.0
xnas:stock:META,2024-03-14,160.49,161.57,158.92,159.3,117467922.0
xnas:stock:META,2024-03-15,161.76,162.34,158.99,160.36,50274895.0
xnas:stock:META,2024-03-18,159.3,159.66,159.18,159.28,36236577.0
xnas:stock:META,2024-03-19,157.25,158.72,156.46,157.62,13003289.0
xnas:stock:META,2024-03-20,157.1,158.45,156.96,157.85,110770296.0
xnas:stock:META,2024-03-21,155.38,156.78,155.22,156.46,89144538.0
xnas:stock:META,2024-03-22,156.86,157.95,155.42,155.86,83682633.0
xnas:stock:META,2024-03-25,153.59,155.52,152.24,154.77,98764873.0
xnas:stock:META,2024-03-26,153.53,154.16,153.38,153.42,84859088.0
xnas:stock:META,2024-03-27,151.52,153.62,149.88,152.52,107525527.0
xnas:stock:META,2024-03-28,155.38,156.92,154.08,154.08,104328192.0
xnas:stock:META,2024-03-29,155.86,157.66,155.83,156.82,69197985.0
xnas:stock:META,2024-04-01,154.09,154.5,151.81,153.91,92185752.0
xnas:stock:META,2024-04-02,154.1,155.61,153.11,154.76,70240223.0
xnas:stock:META,2024-04-03,155.11,155.91,154.3,154.73,93700675.0
xnas:stock:META,2024-04-04,151.94,153.05,151.05,152.16,82318495.0
xnas:stock:META,2024-04-05,154.01,154.08,151.94,153.13,14650377.0
xnas:stock:META,2024-04-08,152.75,153.7,152.68,153.39,114616382.0
xnas:stock:META,2024-04-09,149.86,151.26,149.32,150.37,85900608.0
xnas:stock:META,2024-04-10,149.45,150.62,147.49,148.87,101844667.0
xnas:stock:META,2024-04-11,149.68,151.0,149.42,149.87,52353443.0
xnas:stock:META,2024-04-12,150.87,151.95,150.0,150.48,33492066.0
xnas:stock:META,2024-04-15,150.16,151.14,149.58,150.79,118103590.0
xnas:stock:META,2024-04-16,149.59,150.56,148.51,149.91,92281177.0
xnas:stock:META,2024-04-17,149.58,149.81,148.62,149.7,62190017.0
xnas:stock:META,2024-04-18,150.07,151.04,149.18,149.63,81759471.0
xnas:stock:META,2024-04-19,152.26,152.29,151.18,151.74,116915155.0
xnas:stock:META,2024-04-22,151.46,151.91,150.5,151.6,92401496.0
xnas:stock:META,2024-04-23,150.59,151.89,149.55,150.42,112025728.0
xnas:stock:META,2024-04-24,153.39,155.75,151.74,152.55,91103705.0
xnas:stock:META,2024-04-25,150.36,150.96,148.81,150.47,117967244.0
xnas:stock:META,2024-04-26,154.43,154.59,154.12,154.2,99504898.0
xnas:stock:META,2024-04-29,155.26,155.6,153.3,154.45,22257310.0
xnas:stock:META,2024-04-30,151.76,153.52,151.16,152.61,94445047.0
xnas:stock:META,2024-05-01,152.1,152.27,151.46,151.98,12073691.0
xnas:stock:META,2024-05-02,152.9,153.95,151.4,152.45,96019921.0
xnas:stock:META,2024-05-03,153.82,154.24,152.94,153.01,85341714.0
xnas:stock:META,2024-05-06,152.07,152.95,151.21,151.39,43456731.0
xnas:stock:META,2024-05-07,149.31,149.93,148.65,149.2,70306741.0
xnas:stock:META,2024-05-08,150.04,150.62,148.93,149.69,108031695.0
xnas:stock:META,2024-05-09,149.55,150.18,148.93,149.93,52239137.0
xnas:stock:META,2024-05-10,154.56,155.02,153.29,153.75,106165425.0
xnas:stock:META,2024-05-13,151.69,153.75,151.43,152.38,14982273.0
xnas:stock:META,2024-05-14,150.7,151.28,150.55,151.17,17307869.0
xnas:stock:META,2024-05-15,153.54,154.06,152.73,152.84,76477715.0
xnas:stock:META,2024-05-16,152.82,153.98,152.42,152.91,97756032.0
xnas:stock:META,2024-05-17,151.07,153.72,150.66,152.15,77701680.0
xnas:stock:META,2024-05-20,150.61,151.21,149.21,151.12,10103521.0
xnas:stock:META,2024-05-21,151.82,153.74,151.76,152.46,36162668.0
xnas:stock:META,2024-05-22,150.91,151.25,150.24,151.23,11425575.0
xnas:stock:META,2024-05-23,151.23,152.79,149.9,152.44,23245030.0
xnas:stock:META,2024-05-24,150.66,151.91,149.07,151.04,16499815.0
xnas:stock:META,2024-05-27,149.31,151.22,148.7,149.63,89768299.0
xnas:stock:META,2024-05-28,148.01,148.28,147.66,148.13,68707202.0
xnas:stock:META,2024-05-29,145.41,146.33,143.59,145.91,114054705.0
xnas:stock:META,2024-05-30,143.4,144.9,142.87,144.61,65873174.0
xnas:stock:META,2024-05-31,145.43,147.76,144.66,147.26,31379709.0
xnas:stock:META,2024-06-03,147.23,148.15,146.47,146.52,103373907.0
xnas:stock:META,2024-06-04,148.93,149.22,148.19,149.0,91860692.0
xnas:stock:META,2024-06-05,149.37,150.07,148.49,149.74,38661832.0
xnas:stock:META,2024-06-06,150.53,151.58,149.69,150.35,102756300.0
xnas:stock:META,2024-06-07,150.82,151.44,149.96,151.05,43171749.0
xnas:stock:META,2024-06-10,150.42,151.99,149.8,151.07,48582998.0
xnas:stock:META,2024-06-11,155.41,155.72,154.78,155.0,115142874.0
xnas:stock:META,2024-06-12,155.11,156.76,154.36,154.43,94577287.0
xnas:stock:META,2024-06-13,152.37,154.8,151.29,152.8,48359797.0
xnas:stock:META,2024-06-14,156.5,156.61,154.3,155.05,24131851.0
xnas:stock:META,2024-06-17,149.18,149.84,148.33,149.55,65046905.0
xnas:stock:META,2024-06-18,148.95,150.02,148.59,149.03,66019555.0
xnas:stock:META,2024-06-19,149.24,149.71,147.08,148.48,107419405.0
xnas:stock:META,2024-06-20,148.27,149.5,147.4,147.8,68144663.0
xnas:stock:META,2024-06-21,149.44,150.39,147.1,147.83,20027761.0
xnas:stock:META,2024-06-24,148.91,150.78,147.8,149.37,94577180.0
xnas:stock:META,2024-06-25,150.25,151.06,150.19,150.93,103898444.0
xnas:stock:META,2024-06-26,152.42,153.17,151.82,152.92,118361308.0
xnas:stock:META,2024-06-27,153.32,154.31,152.54,153.24,84282834.0
xnas:stock:META,2024-06-28,152.39,153.0,151.59,152.48,30352060.0
xnas:stock:MSFT,2024-01-02,96.82,98.13,96.57,97.29,88404706.0
xnas:stock:MSFT,2024-01-03,96.42,96.75,96.36,96.53,87022273.0
xnas:stock:MSFT,2024-01-04,96.04,96.37,95.1,96.31,41366746.0
xnas:stock:MSFT,2024-01-05,96.85,96.87,95.99,96.58,101308589.0
xnas:stock:MSFT,2024-01-08,94.23,94.69,93.42,94.5,90129144.0
xnas:stock:MSFT,2024-01-09,94.89,96.15,94.85,95.47,37135751.0
xnas:stock:MSFT,2024-01-10,94.75,94.97,94.6,94.75,84424476.0
xnas:stock:MSFT,2024-01-11,95.81,96.86,95.37,95.75,60066082.0
xnas:stock:MSFT,2024-01-12,95.35,96.05,95.11,95.37,82780874.0
xnas:stock:MSFT,2024-01-15,95.1,95.57,95.1,95.55,49745997.0
xnas:stock:MSFT,2024-01-16,94.9,95.29,94.25,94.41,87919029.0
xnas:stock:MSFT,2024-01-17,93.88,94.97,93.66,94.37,33502222.0
xnas:stock:MSFT,2024-01-18,93.3,93.65,92.64,93.3,20864226.0
xnas:stock:MSFT,2024-01-19,91.39,91.7,90.62,91.49,108759435.0
xnas:stock:MSFT,2024-01-22,91.5,91.54,91.49,91.53,90523368.0
xnas:stock:MSFT,2024-01-23,92.12,92.55,91.87,92.06,44503000.0
xnas:stock:MSFT,2024-01-24,89.91,91.12,89.51,90.24,20866454.0
xnas:stock:MSFT,2024-01-25,89.33,89.68,88.66,89.56,24963797.0
xnas:stock:MSFT,2024-01-26,89.65,90.6,89.39,89.56,15697067.0
xnas:stock:MSFT,2024-01-29,89.18,89.29,88.41,88.96,22566661.0
xnas:stock:MSFT,2024-01-30,88.5,88.63,87.76,88.42,86420905.0
xnas:stock:MSFT,2024-01-31,89.56,89.72,89.49,89.52,100144012.0
xnas:stock:MSFT,2024-02-01,89.23,89.87,88.78,89.44,98033573.0
xnas:stock:MSFT,2024-02-02,89.9,90.14,89.69,89.75,11215885.0
xnas:stock:MSFT,2024-02-05,89.27,89.45,88.92,89.38,53076164.0
xnas:stock:MSFT,2024-02-06,89.25,89.6,89.15,89.42,95803667.0
xnas:stock:MSFT,2024-02-07,89.25,89.85,88.71,88.9,77300549.0
xnas:stock:MSFT,2024-02-08,87.89,88.15,87.01,88.0,98127161.0
xnas:stock:MSFT,2024-02-09,88.08,88.61,87.94,88.34,50346835.0
xnas:stock:MSFT,2024-02-12,86.45,86.97,86.32,86.71,42195404.0
xnas:stock:MSFT,2024-02-13,87.57,87.89,86.97,87.77,17663209.0
xnas:stock:MSFT,2024-02-14,87.92,89.16,87.7,88.04,68033926.0
xnas:stock:MSFT,2024-02-15,88.09,89.37,87.56,88.17,36226140.0
xnas:stock:MSFT,2024-02-16,87.34,87.6,87.16,87.47,106958049.0
xnas:stock:MSFT,2024-02-19,88.29,89.45,87.54,88.4,108524700.0
xnas:stock:MSFT,2024-02-20,89.57,90.2,88.96,89.1,89027781.0
xnas:stock:MSFT,2024-02-21,91.13,91.26,90.23,90.68,31271689.0
xnas:stock:MSFT,2024-02-22,92.15,92.43,91.86,92.25,65892240.0
xnas:stock:MSFT,2024-02-23,90.96,91.95,90.44,91.37,15526821.0
xnas:stock:MSFT,2024-02-26,91.53,91.9,91.02,91.4,42770362.0
xnas:stock:MSFT,2024-02-27,91.54,91.72,90.94,91.08,99401347.0
xnas:stock:MSFT,2024-02-28,92.18,92.23,92.06,92.06,51474097.0
xnas:stock:MSFT,2024-02-29,92.79,93.49,92.56,92.7,101948811.0
xnas:stock:MSFT,2024-03-01,92.16,92.34,91.48,92.12,53891472.0
xnas:stock:MSFT,2024-03-04,93.13,93.13,91.99,92.89,108514902.0
xnas:stock:MSFT,2024-03-05,92.4,92.56,91.76,92.5,100867143.0
xnas:stock:MSFT,2024-03-06,93.69,94.02,93.53,93.83,112722522.0
xnas:stock:MSFT,2024-03-07,93.92,94.31,93.45,94.08,75287726.0
xnas:stock:MSFT,2024-03-08,94.35,95.4,93.39,94.86,88028562.0
xnas:stock:MSFT,2024-03-11,94.99,95.31,94.16,94.82,41811104.0
xnas:stock:MSFT,2024-03-12,94.32,95.35,93.05,94.94,95831254.0
xnas:stock:MSFT,2024-03-13,96.81,97.66,95.95,96.56,28779927.0
xnas:stock:MSFT,2024-03-14,96.88,97.55,96.43,97.54,66248255.0
xnas:stock:MSFT,2024-03-15,97.88,98.6,97.05,97.67,108860072.0
xnas:stock:MSFT,2024-03-18,96.97,97.37,96.74,96.89,11528167.0
xnas:stock:MSFT,2024-03-19,97.07,97.65,96.56,96.72,27571880.0
xnas:stock:MSFT,2024-03-20,97.0,97.55,95.78,96.7,10221316.0
xnas:stock:MSFT,2024-03-21,97.02,97.6,96.42,97.04,116648095.0
xnas:stock:MSFT,2024-03-22,96.37,96.78,95.49,95.96,32002768.0
xnas:stock:MSFT,2024-03-25,95.14,96.35,95.13,95.49,23801376.0
xnas:stock:MSFT,2024-03-26,96.92,96.96,96.02,96.77,28111217.0
xnas:stock:MSFT,2024-03-27,96.4,97.52,95.97,96.3,82350199.0
xnas:stock:MSFT,2024-03-28,96.13,96.53,95.73,96.26,85342069.0
xnas:stock:MSFT,2024-03-29,94.46,95.32,94.36,94.75,39074647.0
xnas:stock:MSFT,2024-04-01,95.02,96.02,94.19,95.24,78916113.0
xnas:stock:MSFT,2024-04-02,96.49,97.31,95.8,96.28,80635274.0
xnas:stock:MSFT,2024-04-03,95.9,96.58,95.35,96.03,45299178.0
xnas:stock:MSFT,2024-04-04,95.74,96.4,94.36,96.27,107885831.0
xnas:stock:MSFT,2024-04-05,96.26,96.87,95.72,96.5,112188418.0
xnas:stock:MSFT,2024-04-08,98.52,98.56,97.09,98.49,68820984.0
xnas:stock:MSFT,2024-04-09,97.74,98.96,96.86,98.15,42451470.0
xnas:stock:MSFT,2024-04-10,97.38,98.46,96.33,96.83,98994390.0
xnas:stock:MSFT,2024-04-11,98.3,99.99,97.44,98.31,22969338.0
xnas:stock:MSFT,2024-04-12,97.53,98.02,96.48,97.72,66204410.0
xnas:stock:MSFT,2024-04-15,98.76,99.57,98.01,99.34,40286288.0
xnas:stock:MSFT,2024-04-16,100.84,101.21,100.77,100.82,34228584.0
xnas:stock:MSFT,2024-04-17,99.93,100.43,99.84,100.22,20451023.0
xnas:stock:MSFT,2024-04-18,99.89,100.95,99.29,99.78,59259389.0
xnas:stock:MSFT,2024-04-19,98.28,98.41,97.47,98.13,116950949.0
xnas:stock:MSFT,2024-04-22,97.3,98.39,97.03,97.84,16712402.0
xnas:stock:MSFT,2024-04-23,98.12,98.46,97.07,98.27,61053695.0
xnas:stock:MSFT,2024-04-24,97.44,97.49,96.53,97.38,14085109.0
xnas:stock:MSFT,2024-04-25,97.85,99.38,96.25,98.24,28940216.0
xnas:stock:MSFT,2024-04-26,99.63,100.28,98.94,99.79,101979942.0
xnas:stock:MSFT,2024-04-29,100.08,101.62,98.78,99.98,114668411.0
xnas:stock:MSFT,2024-04-30,98.21,99.65,97.43,98.82,65769900.0
xnas:stock:MSFT,2024-05-01,98.19,98.5,97.51,98.31,118159065.0
xnas:stock:MSFT,2024-05-02,97.46,98.15,97.38,97.93,54501912.0
xnas:stock:MSFT,2024-05-03,98.69,99.79,98.0,98.2,76555008.0
xnas:stock:MSFT,2024-05-06,99.02,99.88,98.61,98.8,92598626.0
xnas:stock:MSFT,2024-05-07,100.14,100.32,99.54,100.2,11821357.0
xnas:stock:MSFT,2024-05-08,98.79,98.96,98.27,98.3,96886755.0
xnas:stock:MSFT,2024-05-09,98.53,98.93,97.56,97.99,79325129.0
xnas:stock:MSFT,2024-05-10,97.45,98.27,96.9,97.01,58823714.0
xnas:stock:MSFT,2024-05-13,94.77,95.66,94.73,95.39,105927085.0
xnas:stock:MSFT,2024-05-14,97.38,98.38,96.38,97.16,54327569.0
xnas:stock:MSFT,2024-05-15,96.15,97.06,94.58,95.6,38345657.0
xnas:stock:MSFT,2024-05-16,97.56,98.02,96.75,96.93,40723465.0
xnas:stock:MSFT,2024-05-17,96.23,96.85,95.27,95.42,81904312.0
xnas:stock:MSFT,2024-05-20,97.13,97.92,96.91,96.98,92826075.0
xnas:stock:MSFT,2024-05-21,96.94,97.28,96.11,97.17,41196557.0
xnas:stock:MSFT,2024-05-22,96.69,97.46,96.58,97.22,96952888.0
xnas:stock:MSFT,2024-05-23,98.6,99.85,97.94,98.25,26253353.0
xnas:stock:MSFT,2024-05-24,98.87,99.53,98.32,98.57,119907657.0
xnas:stock:MSFT,2024-05-27,98.96,99.41,98.79,98.83,34254187.0
xnas:stock:MSFT,2024-05-28,98.93,100.12,97.56,99.33,58536685.0
xnas:stock:MSFT,2024-05-29,100.96,101.26,100.21,100.78,73599238.0
xnas:stock:MSFT,2024-05-30,100.22,100.25,99.45,100.0,16897002.0
xnas:stock:MSFT,2024-05-31,101.67,102.67,101.16,101.63,99097418.0
xnas:stock:MSFT,2024-06-03,102.15,103.07,100.58,101.84,16258011.0
xnas:stock:MSFT,2024-06-04,100.63,100.68,100.42,100.6,26203773.0
xnas:stock:MSFT,2024-06-05,100.99,101.38,100.71,100.79,111582491.0
xnas:stock:MSFT,2024-06-06,101.42,101.49,101.26,101.28,29248227.0
xnas:stock:MSFT,2024-06-07,100.73,100.79,100.16,100.41,39583884.0
xnas:stock:MSFT,2024-06-10,100.44,101.93,99.7,100.96,17210673.0
xnas:stock:MSFT,2024-06-11,100.97,101.99,100.72,100.77,69692776.0
xnas:stock:MSFT,2024-06-12,98.54,99.48,98.21,99.25,79640615.0
xnas:stock:MSFT,2024-06-13,100.48,100.99,99.72,100.14,63384877.0
xnas:stock:MSFT,2024-06-14,101.2,101.36,100.75,101.07,66028221.0
xnas:stock:MSFT,2024-06-17,102.06,102.48,101.55,102.08,36592856.0
xnas:stock:MSFT,2024-06-18,102.69,103.0,102.16,102.32,32796786.0
xnas:stock:MSFT,2024-06-19,101.17,102.07,100.36,101.77,24791612.0
xnas:stock:MSFT,2024-06-20,102.57,102.86,102.2,102.83,15813532.0
xnas:stock:MSFT,2024-06-21,102.35,102.4,101.76,102.3,103409820.0
xnas:stock:MSFT,2024-06-24,104.21,104.46,103.02,103.76,80285082.0
xnas:stock:MSFT,2024-06-25,103.09,103.82,102.31,102.96,79887778.0
xnas:stock:MSFT,2024-06-26,103.83,104.26,103.02,103.64,15839668.0
xnas:stock:MSFT,2024-06-27,101.05,103.14,101.04,102.28,72019294.0
xnas:stock:MSFT,2024-06-28,102.53,104.03,102.19,102.99,105679483.0
xnas:stock:NVDA,2024-01-02,148.32,149.24,147.98,148.52,34744828.0
xnas:stock:NVDA,2024-01-03,148.85,150.35,147.93,149.05,38353443.0
xnas:stock:NVDA,2024-01-04,149.34,150.58,149.11,149.89,104135539.0
xnas:stock:NVDA,2024-01-05,148.28,149.36,147.1,149.2,57138122.0
xnas:stock:NVDA,2024-01-08,149.72,150.26,148.22,149.51,52139880.0
xnas:stock:NVDA,2024-01-09,152.14,152.26,151.42,151.6,95405109.0
xnas:stock:NVDA,2024-01-10,152.93,155.93,152.14,154.18,37520415.0
xnas:stock:NVDA,2024-01-11,155.72,156.0,155.32,155.71,71663665.0
xnas:stock:NVDA,2024-01-12,156.81,158.08,155.08,156.13,68476043.0
xnas:stock:NVDA,2024-01-15,156.87,157.13,154.99,156.29,35372103.0
xnas:stock:NVDA,2024-01-16,156.76,157.67,155.0,156.48,49296435.0
xnas:stock:NVDA,2024-01-17,155.4,156.6,153.43,155.66,113562028.0
xnas:stock:NVDA,2024-01-18,154.89,155.71,153.44,154.15,43957187.0
xnas:stock:NVDA,2024-01-19,152.33,154.21,149.86,152.09,45972473.0
xnas:stock:NVDA,2024-01-22,148.17,149.09,147.33,147.9,118656192.0
xnas:stock:NVDA,2024-01-23,147.69,149.84,147.48,148.35,68904228.0
xnas:stock:NVDA,2024-01-24,146.82,148.28,146.04,147.23,115688541.0
xnas:stock:NVDA,2024-01-25,147.55,148.05,147.22,147.37,75453158.0
xnas:stock:NVDA,2024-01-26,143.98,146.7,143.67,144.87,22955801.0
xnas:stock:NVDA,2024-01-29,142.6,143.19,141.98,142.02,43805098.0
xnas:stock:NVDA,2024-01-30,144.47,144.53,143.13,143.62,93122944.0
xnas:stock:NVDA,2024-01-31,141.43,141.49,140.45,141.01,107161561.0
xnas:stock:NVDA,2024-02-01,141.51,142.21,140.93,141.12,37002065.0
xnas:stock:NVDA,2024-02-02,137.96,139.1,137.55,139.01,47397980.0
xnas:stock:NVDA,2024-02-05,138.46,138.68,136.63,137.08,77994098.0
xnas:stock:NVDA,2024-02-06,139.02,139.82,138.35,138.38,110115456.0
xnas:stock:NVDA,2024-02-07,137.1,137.86,135.68,137.73,61722204.0
xnas:stock:NVDA,2024-02-08,135.17,136.34,133.66,135.43,87994095.0
xnas:stock:NVDA,2024-02-09,132.61,132.78,131.86,132.62,107316619.0
xnas:stock:NVDA,2024-02-12,132.21,132.51,132.0,132.15,71006594.0
xnas:stock:NVDA,2024-02-13,133.36,135.88,133.23,133.6,24317525.0
xnas:stock:NVDA,2024-02-14,133.0,134.99,132.89,133.44,118365434.0
xnas:stock:NVDA,2024-02-15,133.32,134.23,132.8,134.15,38690816.0
xnas:stock:NVDA,2024-02-16,134.67,135.07,134.66,135.03,94667160.0
xnas:stock:NVDA,2024-02-19,135.2,135.85,134.63,135.54,82970548.0
xnas:stock:NVDA,2024-02-20,135.68,136.92,135.59,136.17,37570495.0
xnas:stock:NVDA,2024-02-21,136.57,137.64,136.17,136.25,14023916.0
xnas:stock:NVDA,2024-02-22,133.46,135.58,132.37,134.3,46759862.0
xnas:stock:NVDA,2024-02-23,132.1,133.48,130.06,132.03,62146011.0
xnas:stock:NVDA,2024-02-26,131.85,131.92,131.73,131.83,15260017.0
xnas:stock:NVDA,2024-02-27,130.18,130.64,129.34,130.44,64422136.0
xnas:stock:NVDA,2024-02-28,129.48,130.5,129.37,129.47,34362573.0
xnas:stock:NVDA,2024-02-29,129.54,130.6,128.96,129.79,95341691.0
xnas:stock:NVDA,2024-03-01,127.81,128.43,127.26,127.52,94542314.0
xnas:stock:NVDA,2024-03-04,126.76,127.13,125.58,126.32,63931955.0
xnas:stock:NVDA,2024-03-05,126.11,126.54,125.5,126.24,39581132.0
xnas:stock:NVDA,2024-03-06,127.31,128.26,127.06,127.45,53291051.0
xnas:stock:NVDA,2024-03-07,127.74,129.47,127.02,128.23,94617943.0
xnas:stock:NVDA,2024-03-08,129.37,129.66,128.8,129.48,111774699.0
xnas:stock:NVDA,2024-03-11,127.69,128.31,126.08,128.07,97078335.0
xnas:stock:NVDA,2024-03-12,128.19,128.9,127.01,127.85,56832651.0
xnas:stock:NVDA,2024-03-13,129.61,130.74,128.45,129.2,75575201.0
xnas:stock:NVDA,2024-03-14,128.94,129.27,128.67,128.71,115608597.0
xnas:stock:NVDA,2024-03-15,130.23,130.55,129.22,129.77,97290011.0
xnas:stock:NVDA,2024-03-18,129.31,129.76,128.36,129.37,67807061.0
xnas:stock:NVDA,2024-03-19,129.88,131.58,128.56,131.1,98943771.0
xnas:stock:NVDA,2024-03-20,127.86,128.47,126.44,128.21,14125647.0
xnas:stock:NVDA,2024-03-21,129.04,129.78,127.77,129.03,107517170.0
xnas:stock:NVDA,2024-03-22,131.01,131.81,130.1,130.51,91395594.0
xnas:stock:NVDA,2024-03-25,130.13,131.42,129.59,130.33,21187817.0
xnas:stock:NVDA,2024-03-26,129.91,130.72,129.86,130.71,50949975.0
xnas:stock:NVDA,2024-03-27,130.45,131.18,129.62,130.43,88668692.0
xnas:stock:NVDA,2024-03-28,131.07,131.1,130.16,130.29,101342502.0
xnas:stock:NVDA,2024-03-29,130.05,131.71,127.77,129.36,92285028.0
xnas:stock:NVDA,2024-04-01,128.89,129.46,128.6,129.13,104157819.0
xnas:stock:NVDA,2024-04-02,128.15,128.6,127.19,128.24,26292693.0
xnas:stock:NVDA,2024-04-03,126.86,128.31,126.61,127.75,113878398.0
xnas:stock:NVDA,2024-04-04,125.84,126.06,125.03,125.56,91200243.0
xnas:stock:NVDA,2024-04-05,126.81,127.02,126.16,126.44,104118663.0
xnas:stock:NVDA,2024-04-08,125.66,127.0,125.24,126.67,90018798.0
xnas:stock:NVDA,2024-04-09,124.25,125.44,124.14,124.93,116793813.0
xnas:stock:NVDA,2024-04-10,123.94,124.67,123.02,123.62,46030928.0
xnas:stock:NVDA,2024-04-11,128.28,128.49,127.41,127.71,84640470.0
xnas:stock:NVDA,2024-04-12,129.03,129.05,127.42,128.8,103612695.0
xnas:stock:NVDA,2024-04-15,128.94,129.89,127.76,128.52,86517129.0
xnas:stock:NVDA,2024-04-16,128.03,128.17,126.7,127.76,86380440.0
xnas:stock:NVDA,2024-04-17,128.33,128.46,128.09,128.16,111562779.0
xnas:stock:NVDA,2024-04-18,126.34,126.82,125.31,126.09,107920870.0
xnas:stock:NVDA,2024-04-19,126.3,127.15,125.87,126.06,119495920.0
xnas:stock:NVDA,2024-04-22,125.65,125.9,125.38,125.77,73582351.0
xnas:stock:NVDA,2024-04-23,124.6,125.73,124.15,124.72,44382903.0
xnas:stock:NVDA,2024-04-24,125.37,125.72,123.73,124.69,107762079.0
xnas:stock:NVDA,2024-04-25,125.41,126.49,124.96,125.08,89068966.0
xnas:stock:NVDA,2024-04-26,123.29,124.68,122.89,123.97,65553233.0
xnas:stock:NVDA,2024-04-29,124.3,124.8,123.97,124.57,32211915.0
xnas:stock:NVDA,2024-04-30,125.56,126.19,124.23,125.12,46919394.0
xnas:stock:NVDA,2024-05-01,123.03,123.29,122.5,122.77,114763089.0
xnas:stock:NVDA,2024-05-02,123.08,123.17,121.99,123.07,112986814.0
xnas:stock:NVDA,2024-05-03,121.98,123.27,121.4,122.22,97753544.0
xnas:stock:NVDA,2024-05-06,122.31,122.52,121.33,121.91,53640748.0
xnas:stock:NVDA,2024-05-07,121.38,121.91,121.28,121.66,44780089.0
xnas:stock:NVDA,2024-05-08,120.93,120.95,119.85,120.05,105491829.0
xnas:stock:NVDA,2024-05-09,119.67,120.32,119.4,120.02,95187935.0
xnas:stock:NVDA,2024-05-10,119.9,119.99,119.58,119.69,49867434.0
xnas:stock:NVDA,2024-05-13,119.15,120.25,118.35,119.47,14008112.0
xnas:stock:NVDA,2024-05-14,120.59,122.14,118.77,120.99,41444699.0
xnas:stock:NVDA,2024-05-15,120.6,122.6,119.41,121.16,38539154.0
xnas:stock:NVDA,2024-05-16,120.72,120.95,119.89,120.69,25684138.0
xnas:stock:NVDA,2024-05-17,118.45,119.09,118.4,118.48,53381355.0
xnas:stock:NVDA,2024-05-20,118.21,118.39,116.9,118.1,78624874.0
xnas:stock:NVDA,2024-05-21,116.83,117.48,116.4,117.2,27166457.0
xnas:stock:NVDA,2024-05-22,119.51,119.68,118.41,118.73,31580604.0
xnas:stock:NVDA,2024-05-23,119.14,119.28,117.73,118.64,78254065.0
xnas:stock:NVDA,2024-05-24,118.41,118.62,117.6,118.19,97323421.0
xnas:stock:NVDA,2024-05-27,116.6,116.97,115.51,116.24,26477197.0
xnas:stock:NVDA,2024-05-28,117.75,117.79,116.45,117.24,16639779.0
xnas:stock:NVDA,2024-05-29,116.68,116.89,115.88,116.66,26349189.0
xnas:stock:NVDA,2024-05-30,116.29,116.75,115.56,116.69,45314182.0
xnas:stock:NVDA,2024-05-31,114.83,115.44,114.79,115.04,21306291.0
xnas:stock:NVDA,2024-06-03,115.22,116.33,114.56,115.61,73260115.0
xnas:stock:NVDA,2024-06-04,115.39,116.97,115.15,115.99,55428886.0
xnas:stock:NVDA,2024-06-05,115.08,115.45,114.01,114.62,67519548.0
xnas:stock:NVDA,2024-06-06,112.22,112.27,110.96,112.07,28180811.0
xnas:stock:NVDA,2024-06-07,113.74,114.47,112.98,114.32,39663475.0
xnas:stock:NVDA,2024-06-10,112.38,113.88,111.98,113.5,84557213.0
xnas:stock:NVDA,2024-06-11,112.64,112.85,112.28,112.47,66577185.0
xnas:stock:NVDA,2024-06-12,112.05,112.21,111.61,111.66,92647390.0
xnas:stock:NVDA,2024-06-13,111.54,112.02,110.94,111.77,68444354.0
xnas:stock:NVDA,2024-06-14,111.48,112.63,111.12,111.56,23294228.0
xnas:stock:NVDA,2024-06-17,109.73,111.41,109.55,110.15,97369045.0
xnas:stock:NVDA,2024-06-18,110.38,111.24,109.41,110.1,98409029.0
xnas:stock:NVDA,2024-06-19,110.59,111.08,109.58,109.66,56496761.0
xnas:stock:NVDA,2024-06-20,111.18,112.53,110.85,110.87,57370888.0
xnas:stock:NVDA,2024-06-21,110.28,110.55,109.99,110.2,40696735.0
xnas:stock:NVDA,2024-06-24,109.87,110.8,109.54,109.72,16322068.0
xnas:stock:NVDA,2024-06-25,110.21,110.38,108.49,110.06,30797529.0
xnas:stock:NVDA,2024-06-26,109.59,110.55,109.06,110.29,46005996.0
xnas:stock:NVDA,2024-06-27,111.14,112.32,110.32,111.3,53078500.0
xnas:stock:NVDA,2024-06-28,110.51,111.19,109.73,110.67,55923632.0
xnas:stock:TSLA,2024-01-02,183.8,184.51,182.65,184.31,38640301.0
xnas:stock:TSLA,2024-01-03,182.54,184.49,182.03,183.18,40296564.0
xnas:stock:TSLA,2024-01-04,184.91,185.26,184.57,184.59,36011432.0
xnas:stock:TSLA,2024-01-05,185.56,188.15,185.5,185.67,117238786.0
xnas:stock:TSLA,2024-01-08,185.46,187.35,183.29,185.47,93224230.0
xnas:stock:TSLA,2024-01-09,180.89,183.56,180.57,181.93,79845911.0
xnas:stock:TSLA,2024-01-10,182.18,182.74,180.7,181.52,45457568.0
xnas:stock:TSLA,2024-01-11,176.49,177.62,174.95,176.38,10671483.0
xnas:stock:TSLA,2024-01-12,177.19,178.11,176.0,176.86,76245536.0
xnas:stock:TSLA,2024-01-15,176.29,177.97,175.47,175.74,99258259.0
xnas:stock:TSLA,2024-01-16,175.49,176.5,174.81,175.04,115302058.0
xnas:stock:TSLA,2024-01-17,171.63,174.0,170.52,172.13,57563813.0
xnas:stock:TSLA,2024-01-18,169.28,169.38,167.89,169.04,13247990.0
xnas:stock:TSLA,2024-01-19,169.04,171.41,168.97,169.98,85911279.0
xnas:stock:TSLA,2024-01-22,172.87,173.56,172.11,173.27,44824574.0
xnas:stock:TSLA,2024-01-23,174.17,175.24,173.51,174.85,71716292.0
xnas:stock:TSLA,2024-01-24,174.92,175.65,174.02,175.11,35697163.0
xnas:stock:TSLA,2024-01-25,175.9,176.32,173.83,174.42,15760143.0
xnas:stock:TSLA,2024-01-26,172.75,173.94,172.45,173.43,72701033.0
xnas:stock:TSLA,2024-01-29,171.64,172.19,170.7,171.54,94429844.0
xnas:stock:TSLA,2024-01-30,173.62,175.18,173.33,173.64,106866540.0
xnas:stock:TSLA,2024-01-31,175.78,176.14,174.86,176.06,64924904.0
xnas:stock:TSLA,2024-02-01,173.73,174.8,173.29,174.7,25787807.0
xnas:stock:TSLA,2024-02-02,178.59,179.7,175.43,177.31,98205340.0
xnas:stock:TSLA,2024-02-05,180.66,181.71,178.8,179.5,96778434.0
xnas:stock:TSLA,2024-02-06,182.63,182.76,179.83,181.69,59681058.0
xnas:stock:TSLA,2024-02-07,181.51,181.78,180.21,181.52,16466775.0
xnas:stock:TSLA,2024-02-08,181.53,182.7,180.97,182.31,111173655.0
xnas:stock:TSLA,2024-02-09,182.47,183.23,181.02,182.74,41361566.0
xnas:stock:TSLA,2024-02-12,180.99,181.04,179.01,180.23,56233762.0
xnas:stock:TSLA,2024-02-13,178.76,179.52,178.4,178.97,87375900.0
xnas:stock:TSLA,2024-02-14,177.98,179.87,177.79,178.43,99647215.0
xnas:stock:TSLA,2024-02-15,177.97,178.36,177.87,178.13,74501636.0
xnas:stock:TSLA,2024-02-16,177.08,179.4,175.92,178.72,28587435.0
xnas:stock:TSLA,2024-02-19,179.49,180.34,177.39,178.43,15622794.0
xnas:stock:TSLA,2024-02-20,177.58,178.95,174.76,178.38,54424573.0
xnas:stock:TSLA,2024-02-21,178.3,178.4,177.28,177.65,111723241.0
xnas:stock:TSLA,2024-02-22,178.49,179.08,177.7,177.97,50572983.0
xnas:stock:TSLA,2024-02-23,177.39,178.38,177.04,177.89,76413001.0
xnas:stock:TSLA,2024-02-26,175.19,175.46,173.92,175.26,99326301.0
xnas:stock:TSLA,2024-02-27,170.45,172.37,170.44,171.4,28378398.0
xnas:stock:TSLA,2024-02-28,172.96,173.37,172.45,172.57,12627420.0
xnas:stock:TSLA,2024-02-29,174.27,175.09,173.49,174.69,100081677.0
xnas:stock:TSLA,2024-03-01,174.07,174.73,174.06,174.21,101063201.0
xnas:stock:TSLA,2024-03-04,176.93,176.95,176.43,176.8,14487446.0
xnas:stock:TSLA,2024-03-05,179.54,181.09,176.93,178.6,24526851.0
xnas:stock:TSLA,2024-03-06,178.67,181.37,177.1,177.52,43535523.0
xnas:stock:TSLA,2024-03-07,177.35,178.42,177.34,178.14,17762554.0
xnas:stock:TSLA,2024-03-08,179.3,180.18,178.15,178.83,32449429.0
xnas:stock:TSLA,2024-03-11,179.94,180.64,178.94,179.44,33912069.0
xnas:stock:TSLA,2024-03-12,177.71,178.65,175.47,176.76,54261697.0
xnas:stock:TSLA,2024-03-13,180.63,180.85,177.66,180.17,35438391.0
xnas:stock:TSLA,2024-03-14,180.3,181.24,179.46,180.6,22847312.0
xnas:stock:TSLA,2024-03-15,179.36,181.68,179.12,180.39,51371480.0
xnas:stock:TSLA,2024-03-18,179.27,180.29,178.82,179.28,116997817.0
xnas:stock:TSLA,2024-03-19,177.98,179.45,177.27,178.31,104968673.0
xnas:stock:TSLA,2024-03-20,182.03,182.64,181.4,181.92,12416991.0
xnas:stock:TSLA,2024-03-21,183.74,185.42,182.61,184.79,97328808.0
xnas:stock:TSLA,2024-03-22,185.13,185.65,182.15,184.95,85109068.0
xnas:stock:TSLA,2024-03-25,184.33,186.27,182.55,183.3,60549698.0
xnas:stock:TSLA,2024-03-26,185.76,187.19,185.55,185.95,111783439.0
xnas:stock:TSLA,2024-03-27,188.4,188.89,185.08,187.74,34788619.0
xnas:stock:TSLA,2024-03-28,187.21,187.34,185.35,186.28,82857333.0
xnas:stock:TSLA,2024-03-29,184.33,185.37,183.86,184.93,36293874.0
xnas:stock:TSLA,2024-04-01,180.02,181.04,179.33,180.85,11317732.0
xnas:stock:TSLA,2024-04-02,180.59,182.34,179.99,180.7,88171977.0
xnas:stock:TSLA,2024-04-03,179.31,180.47,178.78,180.11,32894897.0
xnas:stock:TSLA,2024-04-04,181.36,181.57,180.17,181.18,25259062.0
xnas:stock:TSLA,2024-04-05,178.13,179.13,177.69,178.94,113908090.0
xnas:stock:TSLA,2024-04-08,179.32,180.56,178.35,178.9,33262273.0
xnas:stock:TSLA,2024-04-09,178.78,179.05,177.05,178.43,109819274.0
xnas:stock:TSLA,2024-04-10,178.72,180.7,178.03,178.43,100512539.0
xnas:stock:TSLA,2024-04-11,180.06,180.16,178.83,179.91,113157535.0
xnas:stock:TSLA,2024-04-12,183.21,183.92,181.64,182.28,65094838.0
xnas:stock:TSLA,2024-04-15,183.41,183.42,181.76,182.26,57687268.0
xnas:stock:TSLA,2024-04-16,180.6,183.18,179.58,181.6,89261503.0
xnas:stock:TSLA,2024-04-17,180.19,181.24,180.18,181.08,47122161.0
xnas:stock:TSLA,2024-04-18,181.69,182.85,179.3,180.83,15343066.0
xnas:stock:TSLA,2024-04-19,182.13,182.21,181.6,181.77,12698574.0
xnas:stock:TSLA,2024-04-22,184.38,184.41,182.69,184.14,18925554.0
xnas:stock:TSLA,2024-04-23,186.63,187.42,185.03,186.6,95707347.0
xnas:stock:TSLA,2024-04-24,185.45,186.15,182.5,185.73,94239128.0
xnas:stock:TSLA,2024-04-25,187.54,189.45,184.49,187.13,114817298.0
xnas:stock:TSLA,2024-04-26,186.12,188.12,185.83,186.71,81344719.0
xnas:stock:TSLA,2024-04-29,187.31,188.25,187.24,187.4,44404385.0
xnas:stock:TSLA,2024-04-30,188.25,189.58,188.12,189.38,97318384.0
xnas:stock:TSLA,2024-05-01,189.23,190.57,186.44,189.98,92831960.0
xnas:stock:TSLA,2024-05-02,182.08,183.64,180.91,182.77,118191533.0
xnas:stock:TSLA,2024-05-03,184.17,185.29,183.14,183.61,24008262.0
xnas:stock:TSLA,2024-05-06,185.04,185.61,183.62,184.6,58329552.0
xnas:stock:TSLA,2024-05-07,187.03,187.13,184.71,186.52,79848973.0
xnas:stock:TSLA,2024-05-08,184.91,186.46,184.13,185.4,60125809.0
xnas:stock:TSLA,2024-05-09,183.67,183.95,182.24,182.79,98811421.0
xnas:stock:TSLA,2024-05-10,182.66,183.21,182.18,182.43,113357117.0
xnas:stock:TSLA,2024-05-13,180.9,181.34,179.63,181.09,36118543.0
xnas:stock:TSLA,2024-05-14,178.24,180.84,175.64,178.39,26003988.0
xnas:stock:TSLA,2024-05-15,178.25,179.51,177.31,178.55,80792544.0
xnas:stock:TSLA,2024-05-16,180.06,180.19,178.75,179.23,95156179.0
xnas:stock:TSLA,2024-05-17,178.52,179.46,178.16,178.77,94714763.0
xnas:stock:TSLA,2024-05-20,177.69,180.07,175.81,177.88,11260879.0
xnas:stock:TSLA,2024-05-21,174.2,176.85,173.61,175.16,91034938.0
xnas:stock:TSLA,2024-05-22,172.56,173.26,172.4,172.61,84960318.0
xnas:stock:TSLA,2024-05-23,173.23,173.52,171.76,172.69,88556652.0
xnas:stock:TSLA,2024-05-24,169.31,170.08,169.15,169.64,66117343.0
xnas:stock:TSLA,2024-05-27,171.82,174.04,169.22,169.77,65638540.0
xnas:stock:TSLA,2024-05-28,170.93,171.09,169.42,170.27,23149658.0
xnas:stock:TSLA,2024-05-29,169.93,170.49,169.28,169.68,82731054.0
xnas:stock:TSLA,2024-05-30,169.48,169.93,168.98,169.1,71016860.0
xnas:stock:TSLA,2024-05-31,167.05,168.92,166.35,168.26,13537579.0
xnas:stock:TSLA,2024-06-03,167.18,167.96,166.46,167.45,61000328.0
xnas:stock:TSLA,2024-06-04,168.42,169.23,167.4,167.68,109028449.0
xnas:stock:TSLA,2024-06-05,168.43,169.4,167.29,168.77,12983139.0
xnas:stock:TSLA,2024-06-06,169.35,170.32,168.93,169.4,27331892.0
xnas:stock:TSLA,2024-06-07,166.28,166.66,165.8,166.23,58507001.0
xnas:stock:TSLA,2024-06-10,161.88,164.04,161.24,163.47,57763704.0
xnas:stock:TSLA,2024-06-11,162.58,163.76,161.81,163.16,61018178.0
xnas:stock:TSLA,2024-06-12,163.15,164.9,162.42,164.1,85901924.0
xnas:stock:TSLA,2024-06-13,165.44,167.89,163.63,164.51,86136211.0
xnas:stock:TSLA,2024-06-14,163.45,164.05,162.64,163.57,91867451.0
xnas:stock:TSLA,2024-06-17,162.3,163.84,161.71,162.34,76776021.0
xnas:stock:TSLA,2024-06-18,163.17,164.84,161.62,162.31,30726099.0
xnas:stock:TSLA,2024-06-19,162.53,163.13,161.21,161.99,81502281.0
xnas:stock:TSLA,2024-06-20,159.43,161.5,157.72,158.78,27764199.0
xnas:stock:TSLA,2024-06-21,155.59,155.72,155.13,155.45,115990564.0
xnas:stock:TSLA,2024-06-24,153.68,154.39,153.42,153.46,104999481.0
xnas:stock:TSLA,2024-06-25,150.0,150.36,149.24,150.36,15090970.0
xnas:stock:TSLA,2024-06-26,148.32,150.15,148.3,148.97,74475777.0
xnas:stock:TSLA,2024-06-27,151.2,151.41,149.57,150.12,42880930.0
xnas:stock:TSLA,2024-06-28,149.49,150.37,147.6,150.19,112585335.0
